{"AaiAR7Kdt7Zzm9kT/DZG0w==":"7ac9f3c9aaa119356313db9c2b6afb04-1732x1155.jpg","yTkTxY2bWiQY5ZelNx4ZqQ==":"db22bcfa856609437f20daddb3720338-892x503.jpg","KTakifBMNb8ja7I87ObXYg==":"d4fyjrnuuaitfzt-510x227.jpg","9VQnVUy8X2Xt8fL+lHUuSw==":"500452_ff175903ab-1080x1080.jpg","ndgc3MurpGTHxRG8QjrPTw==":"%D0%B2%D0%B2-858x1024.jpg","+XlyZbUMGeRCPYCT4YWzJA==":"maxresdefault-952x536.jpg","xL1hlMs1emFnlD06PDirtA==":"maxresdefault-1280x720.jpg","7bq2ZMn5JtKpffjanl0RhA==":"2405239-681x1024.jpg","FREWM6A6IGnz8wg9K84l9g==":"10-480_ec1f8_10eb6192_orig-612x407.jpg","JqR3YcCPmrOTaKRhgWKH7A==":"original-788x525.jpg","VYZkIOhsAPRDgBIow8/Xqw==":"s1200-1067x700.jpg","LPv53iEOn9Mff2AFUPUVHQ==":"enemies-giant-panda_5b42f5cec66013d8_drjnpfa_tmutapjsfoiemg-952x536.jpg","hd8XRc4EleCm906snmN17w==":"f8226e7a98b04eb993b8111933b15232-1500x1080.jpg","WhI6vtotrqebQTI0LD9zTg==":"720x720_e0d2fa4f54c3b6f9ee414a60ecdeec56-720x720.jpg","G/YaMiHHVt3e2kfTET3b8Q==":"3b822e0f9e44ba08c7d0a22ec9e85e91--th-birthday-google-search-736x490.jpg","ARjPlMwwKOzchiVGQALL2g==":"750x535xfarsha-4.jpg.pagespeed.ic.qgk6qpvhjh-626x447.jpg","fmJXU+ZzYg5STbgb6B1FKg==":"2243114-744x1023.jpg","nZZUwtpTJg0hqNfrgzkgdQ==":"c26a532e-7aa0-4ecf-a-1018x679.jpg","cCWIDiZL+yiUYhu0FR8roQ==":"ce0037ada3472ce3c5f54cd66666c407135f34f9ab67edd988a986d15f3d8503-1332x986.jpg","slOfqPcXLZeSKa2KUVwjjQ==":"img-6369-1060x1157.jpg","kbeuJZPCME7qUXDLWikrXw==":"f4badd746647ac7aeaf3abd302ad20ff-800x800.jpg","G998gK45PLt832tPkKApJw==":"japanese-style-food-meat-sushi-caviar_1920x1200-1920x1200.jpg","ADZMRR92bkx1zLyBFONEeQ==":"slide02-952x635.jpg","BnWQkGJr7EwGFUP5qZaWsQ==":"culture_cousine_lenta1-1560x1040.jpg","POxWWb9LTEwxrHLPwdiWhA==":"yaponskaya-kuhnya-blyuda-3252-700x560.jpg","UGI95WvBtozJL0feA3LadQ==":"%D1%8F%D0%BF%D0%BE%D0%BD%D1%81%D0%BA%D0%B0%D1%8F-%D0%BA%D1%83%D1%85%D0%BD%D1%8F-1070x802.jpg","l2cN81ge5rATX0slShxUCQ==":"5436151-sushi-wallpapers-1332x749.jpg","QkKkmtwOnJ9K8iYykEMfPw==":"xa5tkvg2xvklk2gs44fh7x5nmks50jy7-1060x596.jpg","zBdoA/LBE1XNgnZVMGil2w==":"rct_d88eua8-1280x896.jpg","115Kblotm2huLU2wHdAJ1A==":"q90_78742_b0fc98175c.jpeg-952x762.jpg","Iws7v8d8xN5xBZ5zTcRXHA==":"1fc171b14e0afb0d14aab06cde9040a4-1600x1067.jpg","Xo4zIS6d7KeOOWuGV1+Gjg==":"177116415-996x660.jpg","pnReY8p7VCaU8mT9T3GWdg==":"jarenaya_keta-463300-902x600.jpg","8DMyusat6reGmpU0b577NQ==":"19743a73eaa10c224bd10016e916d9bb-1000x875.jpg","B/01lz32E60Vsd7aYuudaA==":"recipe-for-pink-salmon-lovely-roasted-whole-pink-salmon-with-ginger-mint-sauce-table-talk-of-recipe-for-pink-salmon-1060x584.jpg","dDc/vdkL1FSZ5fOBmJqj/g==":"broken-zipper-960x580.jpg","OBLg/19rLtvOz4Nt+KYh5Q==":"10-20-10-800x800.jpg","oCULbD4HrXGmrM0gphastA==":"600_39756316_531423843975632_2213963672953290752_n-300x300.jpg","t91OLrwpf5mF5QH0KvMtiA==":"3301832437-1273189495-800x800.jpg","NqKXcOM8I1rtdtrnfXbElw==":"puscard-800x800.jpg","AMhbfOvWS0h6Lk5/CO8y9g==":"velosiped-v-trave.orig-1920x1080.jpg","r60K9yHldNEp+2zElJ2GmA==":"bike-1549103-1280-628x419.jpg","58IN3A3e9OMkQV546YkicQ==":"a2213d6c3db6a9cbce4804dda884e87e-1022x682.jpg","GXK40Ji/gOff3b2FwScGdA==":"abaeac20a6c0f0781b4bbd00f367baba-1022x681.jpg","TVLhzuKfMSBNbYotDHr6LQ==":"44-1332x886.jpg","l9W+b0m9Cf4dCuohyK1O+g==":"6c9b2410b48d47a72660f3bd0e8db614--bicycle-basket-vintage-bicycles-736x956.jpg","ZKQeRcBu+nx3mYThsL63YA==":"eye-shadow-1000x667.jpg","fAQsKW+c5q3cizy3hYB/mw==":"makijazh-glaz-poshagovoe-foto_-9-1286x600.jpg","z1sD+lUrwXjL2Es5wKgrXg==":"8899-628x628.jpg","MuY66NcbvOkbQ59fKw6vpA==":"67890-650x650.jpg","1G3pBzhojVMKpmuoq8/HUw==":"chetkie-linii-1022x744.jpg","KSW+m2MZzGY13waUAcAtJA==":"94295333_4795787-5-699x572.jpg","HRA1hp4PJ0Wqx1tYRbanOQ==":"htb1mhl8a4_rk1rkhfqdq6yjafxay-1024x1024.jpg","p4FUUleHFU6VVpWBUA4TJg==":"s1200-736x736.jpg","YsLAPKtKT8B551xvrEckzg==":"make-up-beautiful-eye-makro-1024x744.jpg"}